"PreSens Measurement Studio 2","4.0.0.2293",""
"Date","Time","Channel","User","SensorID","Sensor_Name","delta_t","Time_Unit","Value","O2_Unit","Mode","Phase","Phase_Unit","Amplitude","Amplitude_Unit","Temp","Temp_Unit","Pressure","Pressure_Unit","Salinity","Salinity_Unit","Error","Cal0","Cal0_Unit","T0","T0_Unit","O2Cal2nd","O2_Unit","Cal2nd","Cal2nd_Unit","T2nd","T2nd_Unit","CalPressure","CalPressure_Unit","f1","dPhi1","dkSv1","dPhi2","dkSv2","m","Cal_Mode","SignalLEDCurrent","User_Signal_Intensity","ReferenceLEDCurrent","Reference_Amplitude","Device_Serial","FwVersion","SwVersion","Sensor_Type","BatchID","Calibration_Date","Sensor_Lot","PreSens_Calibr","Battery_Voltage","Battery_Voltage_Unit","Cal0_Amplitude","Cal0_Amplitude_Unit","Cal2nd_Amplitude","Cal2nd_Amplitude_Unit"
"05/22/2024","11:23:36","4","Luka","129773176","POF4-D","0.000","min","235.966","μmol/L","Humid","29.216","deg","53976","µV","17.535","°C","1023.000","hPa","34.6","pmil","0","60.686","deg","17.755","°C","100.000","%a.s.","28.829","deg","17.529","°C","1023.000","hPa","0.808","-0.0803","0.000433","0","0","29.87","Humid","55.95","0","47.00","40138.87","SABH0002000044","AAV2.0.0.13","4.0.0.2293","PSt3","000000-000","5/15/2024 9:50:34 AM","0000-00","0","no battery","V","115369","µV","50633","µV"
"05/22/2024","11:23:46","4","Luka","129773176","POF4-D","0.174","min","236.196","μmol/L","Humid","29.210","deg","53991","µV","17.523","°C","1023.000","hPa","34.6","pmil","0","60.686","deg","17.755","°C","100.000","%a.s.","28.829","deg","17.529","°C","1023.000","hPa","0.808","-0.0803","0.000433","0","0","29.87","Humid","55.95","0","47.00","40145.37","SABH0002000044","AAV2.0.0.13","4.0.0.2293","PSt3","000000-000","5/15/2024 9:50:34 AM","0000-00","0","no battery","V","115369","µV","50633","µV"
"05/22/2024","11:23:56","4","Luka","129773176","POF4-D","0.341","min","235.940","μmol/L","Humid","29.222","deg","54012","µV","17.523","°C","1023.000","hPa","34.6","pmil","0","60.686","deg","17.755","°C","100.000","%a.s.","28.829","deg","17.529","°C","1023.000","hPa","0.808","-0.0803","0.000433","0","0","29.87","Humid","55.95","0","47.00","40140.48","SABH0002000044","AAV2.0.0.13","4.0.0.2293","PSt3","000000-000","5/15/2024 9:50:34 AM","0000-00","0","no battery","V","115369","µV","50633","µV"
"05/22/2024","11:24:06","4","Luka","129773176","POF4-D","0.507","min","235.854","μmol/L","Humid","29.226","deg","54026","µV","17.523","°C","1023.000","hPa","34.6","pmil","0","60.686","deg","17.755","°C","100.000","%a.s.","28.829","deg","17.529","°C","1023.000","hPa","0.808","-0.0803","0.000433","0","0","29.87","Humid","55.95","0","47.00","40139.93","SABH0002000044","AAV2.0.0.13","4.0.0.2293","PSt3","000000-000","5/15/2024 9:50:34 AM","0000-00","0","no battery","V","115369","µV","50633","µV"
"05/22/2024","11:24:16","4","Luka","129773176","POF4-D","0.674","min","235.735","μmol/L","Humid","29.234","deg","54043","µV","17.517","°C","1023.000","hPa","34.6","pmil","0","60.686","deg","17.755","°C","100.000","%a.s.","28.829","deg","17.529","°C","1023.000","hPa","0.808","-0.0803","0.000433","0","0","29.87","Humid","55.95","0","47.00","40134.11","SABH0002000044","AAV2.0.0.13","4.0.0.2293","PSt3","000000-000","5/15/2024 9:50:34 AM","0000-00","0","no battery","V","115369","µV","50633","µV"
"05/22/2024","11:24:26","4","Luka","129773176","POF4-D","0.840","min","235.449","μmol/L","Humid","29.245","deg","54055","µV","17.523","°C","1023.000","hPa","34.6","pmil","0","60.686","deg","17.755","°C","100.000","%a.s.","28.829","deg","17.529","°C","1023.000","hPa","0.808","-0.0803","0.000433","0","0","29.87","Humid","55.95","0","47.00","40137.06","SABH0002000044","AAV2.0.0.13","4.0.0.2293","PSt3","000000-000","5/15/2024 9:50:34 AM","0000-00","0","no battery","V","115369","µV","50633","µV"
"05/22/2024","11:24:36","4","Luka","129773176","POF4-D","1.008","min","235.245","μmol/L","Humid","29.257","deg","54069","µV","17.517","°C","1023.000","hPa","34.6","pmil","0","60.686","deg","17.755","°C","100.000","%a.s.","28.829","deg","17.529","°C","1023.000","hPa","0.808","-0.0803","0.000433","0","0","29.87","Humid","55.95","0","47.00","40134.20","SABH0002000044","AAV2.0.0.13","4.0.0.2293","PSt3","000000-000","5/15/2024 9:50:34 AM","0000-00","0","no battery","V","115369","µV","50633","µV"
"05/22/2024","11:24:46","4","Luka","129773176","POF4-D","1.174","min","235.253","μmol/L","Humid","29.259","deg","54088","µV","17.510","°C","1023.000","hPa","34.6","pmil","0","60.686","deg","17.755","°C","100.000","%a.s.","28.829","deg","17.529","°C","1023.000","hPa","0.808","-0.0803","0.000433","0","0","29.87","Humid","55.95","0","47.00","40133.89","SABH0002000044","AAV2.0.0.13","4.0.0.2293","PSt3","000000-000","5/15/2024 9:50:34 AM","0000-00","0","no battery","V","115369","µV","50633","µV"
"05/22/2024","11:24:56","4","Luka","129773176","POF4-D","1.341","min","235.232","μmol/L","Humid","29.260","deg","54093","µV","17.510","°C","1023.000","hPa","34.6","pmil","0","60.686","deg","17.755","°C","100.000","%a.s.","28.829","deg","17.529","°C","1023.000","hPa","0.808","-0.0803","0.000433","0","0","29.87","Humid","55.95","0","47.00","40137.67","SABH0002000044","AAV2.0.0.13","4.0.0.2293","PSt3","000000-000","5/15/2024 9:50:34 AM","0000-00","0","no battery","V","115369","µV","50633","µV"
"05/22/2024","11:25:06","4","Luka","129773176","POF4-D","1.508","min","235.274","μmol/L","Humid","29.258","deg","54096","µV","17.510","°C","1023.000","hPa","34.6","pmil","0","60.686","deg","17.755","°C","100.000","%a.s.","28.829","deg","17.529","°C","1023.000","hPa","0.808","-0.0803","0.000433","0","0","29.87","Humid","55.95","0","47.00","40130.94","SABH0002000044","AAV2.0.0.13","4.0.0.2293","PSt3","000000-000","5/15/2024 9:50:34 AM","0000-00","0","no battery","V","115369","µV","50633","µV"
"05/22/2024","11:25:16","4","Luka","129773176","POF4-D","1.674","min","235.155","μmol/L","Humid","29.266","deg","54118","µV","17.504","°C","1023.000","hPa","34.6","pmil","0","60.686","deg","17.755","°C","100.000","%a.s.","28.829","deg","17.529","°C","1023.000","hPa","0.808","-0.0803","0.000433","0","0","29.87","Humid","55.95","0","47.00","40133.15","SABH0002000044","AAV2.0.0.13","4.0.0.2293","PSt3","000000-000","5/15/2024 9:50:34 AM","0000-00","0","no battery","V","115369","µV","50633","µV"
"05/22/2024","11:25:26","4","Luka","129773176","POF4-D","1.841","min","234.985","μmol/L","Humid","29.274","deg","54133","µV","17.504","°C","1023.000","hPa","34.6","pmil","0","60.686","deg","17.755","°C","100.000","%a.s.","28.829","deg","17.529","°C","1023.000","hPa","0.808","-0.0803","0.000433","0","0","29.87","Humid","55.95","0","47.00","40125.54","SABH0002000044","AAV2.0.0.13","4.0.0.2293","PSt3","000000-000","5/15/2024 9:50:34 AM","0000-00","0","no battery","V","115369","µV","50633","µV"
"05/22/2024","11:25:36","4","Luka","129773176","POF4-D","2.007","min","235.006","μmol/L","Humid","29.273","deg","54139","µV","17.504","°C","1023.000","hPa","34.6","pmil","0","60.686","deg","17.755","°C","100.000","%a.s.","28.829","deg","17.529","°C","1023.000","hPa","0.808","-0.0803","0.000433","0","0","29.87","Humid","55.95","0","47.00","40126.57","SABH0002000044","AAV2.0.0.13","4.0.0.2293","PSt3","000000-000","5/15/2024 9:50:34 AM","0000-00","0","no battery","V","115369","µV","50633","µV"
"05/22/2024","11:25:46","4","Luka","129773176","POF4-D","2.174","min","234.815","μmol/L","Humid","29.282","deg","54155","µV","17.504","°C","1023.000","hPa","34.6","pmil","0","60.686","deg","17.755","°C","100.000","%a.s.","28.829","deg","17.529","°C","1023.000","hPa","0.808","-0.0803","0.000433","0","0","29.87","Humid","55.95","0","47.00","40126.11","SABH0002000044","AAV2.0.0.13","4.0.0.2293","PSt3","000000-000","5/15/2024 9:50:34 AM","0000-00","0","no battery","V","115369","µV","50633","µV"
"05/22/2024","11:25:56","4","Luka","129773176","POF4-D","2.341","min","235.057","μmol/L","Humid","29.273","deg","54159","µV","17.498","°C","1023.000","hPa","34.6","pmil","0","60.686","deg","17.755","°C","100.000","%a.s.","28.829","deg","17.529","°C","1023.000","hPa","0.808","-0.0803","0.000433","0","0","29.87","Humid","55.95","0","47.00","40126.42","SABH0002000044","AAV2.0.0.13","4.0.0.2293","PSt3","000000-000","5/15/2024 9:50:34 AM","0000-00","0","no battery","V","115369","µV","50633","µV"
"05/22/2024","11:26:06","4","Luka","129773176","POF4-D","2.507","min","234.718","μmol/L","Humid","29.289","deg","54160","µV","17.498","°C","1023.000","hPa","34.6","pmil","0","60.686","deg","17.755","°C","100.000","%a.s.","28.829","deg","17.529","°C","1023.000","hPa","0.808","-0.0803","0.000433","0","0","29.87","Humid","55.95","0","47.00","40127.05","SABH0002000044","AAV2.0.0.13","4.0.0.2293","PSt3","000000-000","5/15/2024 9:50:34 AM","0000-00","0","no battery","V","115369","µV","50633","µV"
"05/22/2024","11:26:16","4","Luka","129773176","POF4-D","2.674","min","234.768","μmol/L","Humid","29.289","deg","54166","µV","17.492","°C","1023.000","hPa","34.6","pmil","0","60.686","deg","17.755","°C","100.000","%a.s.","28.829","deg","17.529","°C","1023.000","hPa","0.808","-0.0803","0.000433","0","0","29.87","Humid","55.95","0","47.00","40126.36","SABH0002000044","AAV2.0.0.13","4.0.0.2293","PSt3","000000-000","5/15/2024 9:50:34 AM","0000-00","0","no battery","V","115369","µV","50633","µV"
"05/22/2024","11:26:26","4","Luka","129773176","POF4-D","2.841","min","234.641","μmol/L","Humid","29.295","deg","54174","µV","17.492","°C","1023.000","hPa","34.6","pmil","0","60.686","deg","17.755","°C","100.000","%a.s.","28.829","deg","17.529","°C","1023.000","hPa","0.808","-0.0803","0.000433","0","0","29.87","Humid","55.95","0","47.00","40126.21","SABH0002000044","AAV2.0.0.13","4.0.0.2293","PSt3","000000-000","5/15/2024 9:50:34 AM","0000-00","0","no battery","V","115369","µV","50633","µV"
"05/22/2024","11:26:36","4","Luka","129773176","POF4-D","3.007","min","234.726","μmol/L","Humid","29.291","deg","54189","µV","17.492","°C","1023.000","hPa","34.6","pmil","0","60.686","deg","17.755","°C","100.000","%a.s.","28.829","deg","17.529","°C","1023.000","hPa","0.808","-0.0803","0.000433","0","0","29.87","Humid","55.95","0","47.00","40121.73","SABH0002000044","AAV2.0.0.13","4.0.0.2293","PSt3","000000-000","5/15/2024 9:50:34 AM","0000-00","0","no battery","V","115369","µV","50633","µV"
"05/22/2024","11:26:46","4","Luka","129773176","POF4-D","3.174","min","234.912","μmol/L","Humid","29.287","deg","54202","µV","17.480","°C","1023.000","hPa","34.6","pmil","0","60.686","deg","17.755","°C","100.000","%a.s.","28.829","deg","17.529","°C","1023.000","hPa","0.808","-0.0803","0.000433","0","0","29.87","Humid","55.95","0","47.00","40123.80","SABH0002000044","AAV2.0.0.13","4.0.0.2293","PSt3","000000-000","5/15/2024 9:50:34 AM","0000-00","0","no battery","V","115369","µV","50633","µV"
"05/22/2024","11:26:56","4","Luka","129773176","POF4-D","3.341","min","234.501","μmol/L","Humid","29.304","deg","54215","µV","17.486","°C","1023.000","hPa","34.6","pmil","0","60.686","deg","17.755","°C","100.000","%a.s.","28.829","deg","17.529","°C","1023.000","hPa","0.808","-0.0803","0.000433","0","0","29.87","Humid","55.95","0","47.00","40131.46","SABH0002000044","AAV2.0.0.13","4.0.0.2293","PSt3","000000-000","5/15/2024 9:50:34 AM","0000-00","0","no battery","V","115369","µV","50633","µV"
"05/22/2024","11:27:06","4","Luka","129773176","POF4-D","3.508","min","234.425","μmol/L","Humid","29.310","deg","54225","µV","17.480","°C","1023.000","hPa","34.6","pmil","0","60.686","deg","17.755","°C","100.000","%a.s.","28.829","deg","17.529","°C","1023.000","hPa","0.808","-0.0803","0.000433","0","0","29.87","Humid","55.95","0","47.00","40123.64","SABH0002000044","AAV2.0.0.13","4.0.0.2293","PSt3","000000-000","5/15/2024 9:50:34 AM","0000-00","0","no battery","V","115369","µV","50633","µV"
"05/22/2024","11:27:16","4","Luka","129773176","POF4-D","3.674","min","234.454","μmol/L","Humid","29.311","deg","54235","µV","17.474","°C","1023.000","hPa","34.6","pmil","0","60.686","deg","17.755","°C","100.000","%a.s.","28.829","deg","17.529","°C","1023.000","hPa","0.808","-0.0803","0.000433","0","0","29.87","Humid","55.95","0","47.00","40125.89","SABH0002000044","AAV2.0.0.13","4.0.0.2293","PSt3","000000-000","5/15/2024 9:50:34 AM","0000-00","0","no battery","V","115369","µV","50633","µV"
"05/22/2024","11:27:26","4","Luka","129773176","POF4-D","3.840","min","234.391","μmol/L","Humid","29.314","deg","54235","µV","17.474","°C","1023.000","hPa","34.6","pmil","0","60.686","deg","17.755","°C","100.000","%a.s.","28.829","deg","17.529","°C","1023.000","hPa","0.808","-0.0803","0.000433","0","0","29.87","Humid","55.95","0","47.00","40125.98","SABH0002000044","AAV2.0.0.13","4.0.0.2293","PSt3","000000-000","5/15/2024 9:50:34 AM","0000-00","0","no battery","V","115369","µV","50633","µV"
"05/22/2024","11:27:36","4","Luka","129773176","POF4-D","4.008","min","234.361","μmol/L","Humid","29.313","deg","54246","µV","17.480","°C","1023.000","hPa","34.6","pmil","0","60.686","deg","17.755","°C","100.000","%a.s.","28.829","deg","17.529","°C","1023.000","hPa","0.808","-0.0803","0.000433","0","0","29.87","Humid","55.95","0","47.00","40125.44","SABH0002000044","AAV2.0.0.13","4.0.0.2293","PSt3","000000-000","5/15/2024 9:50:34 AM","0000-00","0","no battery","V","115369","µV","50633","µV"
"05/22/2024","11:27:46","4","Luka","129773176","POF4-D","4.174","min","234.361","μmol/L","Humid","29.313","deg","54254","µV","17.480","°C","1023.000","hPa","34.6","pmil","0","60.686","deg","17.755","°C","100.000","%a.s.","28.829","deg","17.529","°C","1023.000","hPa","0.808","-0.0803","0.000433","0","0","29.87","Humid","55.95","0","47.00","40125.02","SABH0002000044","AAV2.0.0.13","4.0.0.2293","PSt3","000000-000","5/15/2024 9:50:34 AM","0000-00","0","no battery","V","115369","µV","50633","µV"
"05/22/2024","11:27:56","4","Luka","129773176","POF4-D","4.341","min","234.200","μmol/L","Humid","29.323","deg","54272","µV","17.474","°C","1023.000","hPa","34.6","pmil","0","60.686","deg","17.755","°C","100.000","%a.s.","28.829","deg","17.529","°C","1023.000","hPa","0.808","-0.0803","0.000433","0","0","29.87","Humid","55.95","0","47.00","40119.96","SABH0002000044","AAV2.0.0.13","4.0.0.2293","PSt3","000000-000","5/15/2024 9:50:34 AM","0000-00","0","no battery","V","115369","µV","50633","µV"
"05/22/2024","11:28:06","4","Luka","129773176","POF4-D","4.507","min","234.073","μmol/L","Humid","29.329","deg","54276","µV","17.474","°C","1023.000","hPa","34.6","pmil","0","60.686","deg","17.755","°C","100.000","%a.s.","28.829","deg","17.529","°C","1023.000","hPa","0.808","-0.0803","0.000433","0","0","29.87","Humid","55.95","0","47.00","40117.28","SABH0002000044","AAV2.0.0.13","4.0.0.2293","PSt3","000000-000","5/15/2024 9:50:34 AM","0000-00","0","no battery","V","115369","µV","50633","µV"
"05/22/2024","11:28:16","4","Luka","129773176","POF4-D","4.674","min","234.115","μmol/L","Humid","29.327","deg","54281","µV","17.474","°C","1023.000","hPa","34.6","pmil","0","60.686","deg","17.755","°C","100.000","%a.s.","28.829","deg","17.529","°C","1023.000","hPa","0.808","-0.0803","0.000433","0","0","29.87","Humid","55.95","0","47.00","40120.67","SABH0002000044","AAV2.0.0.13","4.0.0.2293","PSt3","000000-000","5/15/2024 9:50:34 AM","0000-00","0","no battery","V","115369","µV","50633","µV"
"05/22/2024","11:28:26","4","Luka","129773176","POF4-D","4.841","min","234.124","μmol/L","Humid","29.329","deg","54293","µV","17.468","°C","1023.000","hPa","34.6","pmil","0","60.686","deg","17.755","°C","100.000","%a.s.","28.829","deg","17.529","°C","1023.000","hPa","0.808","-0.0803","0.000433","0","0","29.87","Humid","55.95","0","47.00","40118.96","SABH0002000044","AAV2.0.0.13","4.0.0.2293","PSt3","000000-000","5/15/2024 9:50:34 AM","0000-00","0","no battery","V","115369","µV","50633","µV"
"05/22/2024","11:28:36","4","Luka","129773176","POF4-D","5.007","min","233.891","μmol/L","Humid","29.340","deg","54307","µV","17.468","°C","1023.000","hPa","34.6","pmil","0","60.686","deg","17.755","°C","100.000","%a.s.","28.829","deg","17.529","°C","1023.000","hPa","0.808","-0.0803","0.000433","0","0","29.87","Humid","55.95","0","47.00","40122.40","SABH0002000044","AAV2.0.0.13","4.0.0.2293","PSt3","000000-000","5/15/2024 9:50:34 AM","0000-00","0","no battery","V","115369","µV","50633","µV"
"05/22/2024","11:28:46","4","Luka","129773176","POF4-D","5.174","min","233.630","μmol/L","Humid","29.350","deg","54321","µV","17.474","°C","1023.000","hPa","34.6","pmil","0","60.686","deg","17.755","°C","100.000","%a.s.","28.829","deg","17.529","°C","1023.000","hPa","0.808","-0.0803","0.000433","0","0","29.87","Humid","55.95","0","47.00","40114.88","SABH0002000044","AAV2.0.0.13","4.0.0.2293","PSt3","000000-000","5/15/2024 9:50:34 AM","0000-00","0","no battery","V","115369","µV","50633","µV"
"05/22/2024","11:28:56","4","Luka","129773176","POF4-D","5.341","min","233.815","μmol/L","Humid","29.346","deg","54321","µV","17.462","°C","1023.000","hPa","34.6","pmil","0","60.686","deg","17.755","°C","100.000","%a.s.","28.829","deg","17.529","°C","1023.000","hPa","0.808","-0.0803","0.000433","0","0","29.87","Humid","55.95","0","47.00","40112.92","SABH0002000044","AAV2.0.0.13","4.0.0.2293","PSt3","000000-000","5/15/2024 9:50:34 AM","0000-00","0","no battery","V","115369","µV","50633","µV"
"05/22/2024","11:29:06","4","Luka","129773176","POF4-D","5.507","min","233.723","μmol/L","Humid","29.348","deg","54335","µV","17.468","°C","1023.000","hPa","34.6","pmil","0","60.686","deg","17.755","°C","100.000","%a.s.","28.829","deg","17.529","°C","1023.000","hPa","0.808","-0.0803","0.000433","0","0","29.87","Humid","55.95","0","47.00","40112.51","SABH0002000044","AAV2.0.0.13","4.0.0.2293","PSt3","000000-000","5/15/2024 9:50:34 AM","0000-00","0","no battery","V","115369","µV","50633","µV"
"05/22/2024","11:29:16","4","Luka","129773176","POF4-D","5.674","min","233.815","μmol/L","Humid","29.346","deg","54342","µV","17.462","°C","1023.000","hPa","34.6","pmil","0","60.686","deg","17.755","°C","100.000","%a.s.","28.829","deg","17.529","°C","1023.000","hPa","0.808","-0.0803","0.000433","0","0","29.87","Humid","55.95","0","47.00","40121.82","SABH0002000044","AAV2.0.0.13","4.0.0.2293","PSt3","000000-000","5/15/2024 9:50:34 AM","0000-00","0","no battery","V","115369","µV","50633","µV"
"05/22/2024","11:29:26","4","Luka","129773176","POF4-D","5.840","min","233.314","μmol/L","Humid","29.365","deg","54352","µV","17.474","°C","1023.000","hPa","34.6","pmil","0","60.686","deg","17.755","°C","100.000","%a.s.","28.829","deg","17.529","°C","1023.000","hPa","0.808","-0.0803","0.000433","0","0","29.87","Humid","55.95","0","47.00","40116.55","SABH0002000044","AAV2.0.0.13","4.0.0.2293","PSt3","000000-000","5/15/2024 9:50:34 AM","0000-00","0","no battery","V","115369","µV","50633","µV"
"05/22/2024","11:29:36","4","Luka","129773176","POF4-D","6.008","min","233.259","μmol/L","Humid","29.370","deg","54354","µV","17.468","°C","1023.000","hPa","34.6","pmil","0","60.686","deg","17.755","°C","100.000","%a.s.","28.829","deg","17.529","°C","1023.000","hPa","0.808","-0.0803","0.000433","0","0","29.87","Humid","55.95","0","47.00","40118.32","SABH0002000044","AAV2.0.0.13","4.0.0.2293","PSt3","000000-000","5/15/2024 9:50:34 AM","0000-00","0","no battery","V","115369","µV","50633","µV"
"05/22/2024","11:29:46","4","Luka","129773176","POF4-D","6.174","min","233.394","μmol/L","Humid","29.366","deg","54360","µV","17.462","°C","1023.000","hPa","34.6","pmil","0","60.686","deg","17.755","°C","100.000","%a.s.","28.829","deg","17.529","°C","1023.000","hPa","0.808","-0.0803","0.000433","0","0","29.87","Humid","55.95","0","47.00","40113.69","SABH0002000044","AAV2.0.0.13","4.0.0.2293","PSt3","000000-000","5/15/2024 9:50:34 AM","0000-00","0","no battery","V","115369","µV","50633","µV"
"05/22/2024","11:29:56","4","Luka","129773176","POF4-D","6.341","min","233.360","μmol/L","Humid","29.370","deg","54366","µV","17.455","°C","1023.000","hPa","34.6","pmil","0","60.686","deg","17.755","°C","100.000","%a.s.","28.829","deg","17.529","°C","1023.000","hPa","0.808","-0.0803","0.000433","0","0","29.87","Humid","55.95","0","47.00","40111.28","SABH0002000044","AAV2.0.0.13","4.0.0.2293","PSt3","000000-000","5/15/2024 9:50:34 AM","0000-00","0","no battery","V","115369","µV","50633","µV"
"05/22/2024","11:30:06","4","Luka","129773176","POF4-D","6.507","min","233.318","μmol/L","Humid","29.372","deg","54380","µV","17.455","°C","1023.000","hPa","34.6","pmil","0","60.686","deg","17.755","°C","100.000","%a.s.","28.829","deg","17.529","°C","1023.000","hPa","0.808","-0.0803","0.000433","0","0","29.87","Humid","55.95","0","47.00","40110.90","SABH0002000044","AAV2.0.0.13","4.0.0.2293","PSt3","000000-000","5/15/2024 9:50:34 AM","0000-00","0","no battery","V","115369","µV","50633","µV"
"05/22/2024","11:30:16","4","Luka","129773176","POF4-D","6.674","min","233.301","μmol/L","Humid","29.368","deg","54401","µV","17.468","°C","1023.000","hPa","34.6","pmil","0","60.686","deg","17.755","°C","100.000","%a.s.","28.829","deg","17.529","°C","1023.000","hPa","0.808","-0.0803","0.000433","0","0","29.87","Humid","55.95","0","47.00","40107.41","SABH0002000044","AAV2.0.0.13","4.0.0.2293","PSt3","000000-000","5/15/2024 9:50:34 AM","0000-00","0","no battery","V","115369","µV","50633","µV"
"05/22/2024","11:30:26","4","Luka","129773176","POF4-D","6.840","min","233.225","μmol/L","Humid","29.374","deg","54412","µV","17.462","°C","1023.000","hPa","34.6","pmil","0","60.686","deg","17.755","°C","100.000","%a.s.","28.829","deg","17.529","°C","1023.000","hPa","0.808","-0.0803","0.000433","0","0","29.87","Humid","55.95","0","47.00","40107.56","SABH0002000044","AAV2.0.0.13","4.0.0.2293","PSt3","000000-000","5/15/2024 9:50:34 AM","0000-00","0","no battery","V","115369","µV","50633","µV"
"05/22/2024","11:30:36","4","Luka","129773176","POF4-D","7.007","min","232.805","μmol/L","Humid","29.394","deg","54417","µV","17.462","°C","1023.000","hPa","34.6","pmil","0","60.686","deg","17.755","°C","100.000","%a.s.","28.829","deg","17.529","°C","1023.000","hPa","0.808","-0.0803","0.000433","0","0","29.87","Humid","55.95","0","47.00","40107.72","SABH0002000044","AAV2.0.0.13","4.0.0.2293","PSt3","000000-000","5/15/2024 9:50:34 AM","0000-00","0","no battery","V","115369","µV","50633","µV"
"05/22/2024","11:30:46","4","Luka","129773176","POF4-D","7.174","min","232.981","μmol/L","Humid","29.388","deg","54426","µV","17.455","°C","1023.000","hPa","34.6","pmil","0","60.686","deg","17.755","°C","100.000","%a.s.","28.829","deg","17.529","°C","1023.000","hPa","0.808","-0.0803","0.000433","0","0","29.87","Humid","55.95","0","47.00","40101.19","SABH0002000044","AAV2.0.0.13","4.0.0.2293","PSt3","000000-000","5/15/2024 9:50:34 AM","0000-00","0","no battery","V","115369","µV","50633","µV"
"05/22/2024","11:30:56","4","Luka","129773176","POF4-D","7.341","min","232.826","μmol/L","Humid","29.393","deg","54435","µV","17.462","°C","1023.000","hPa","34.6","pmil","0","60.686","deg","17.755","°C","100.000","%a.s.","28.829","deg","17.529","°C","1023.000","hPa","0.808","-0.0803","0.000433","0","0","29.87","Humid","55.95","0","47.00","40103.20","SABH0002000044","AAV2.0.0.13","4.0.0.2293","PSt3","000000-000","5/15/2024 9:50:34 AM","0000-00","0","no battery","V","115369","µV","50633","µV"
"05/22/2024","11:31:06","4","Luka","129773176","POF4-D","7.507","min","233.053","μmol/L","Humid","29.387","deg","54440","µV","17.449","°C","1023.000","hPa","34.6","pmil","0","60.686","deg","17.755","°C","100.000","%a.s.","28.829","deg","17.529","°C","1023.000","hPa","0.808","-0.0803","0.000433","0","0","29.87","Humid","55.95","0","47.00","40103.61","SABH0002000044","AAV2.0.0.13","4.0.0.2293","PSt3","000000-000","5/15/2024 9:50:34 AM","0000-00","0","no battery","V","115369","µV","50633","µV"
"05/22/2024","11:31:16","4","Luka","129773176","POF4-D","7.674","min","232.855","μmol/L","Humid","29.394","deg","54445","µV","17.455","°C","1023.000","hPa","34.6","pmil","0","60.686","deg","17.755","°C","100.000","%a.s.","28.829","deg","17.529","°C","1023.000","hPa","0.808","-0.0803","0.000433","0","0","29.87","Humid","55.95","0","47.00","40102.75","SABH0002000044","AAV2.0.0.13","4.0.0.2293","PSt3","000000-000","5/15/2024 9:50:34 AM","0000-00","0","no battery","V","115369","µV","50633","µV"
"05/22/2024","11:31:26","4","Luka","129773176","POF4-D","7.841","min","232.876","μmol/L","Humid","29.393","deg","54445","µV","17.455","°C","1023.000","hPa","34.6","pmil","0","60.686","deg","17.755","°C","100.000","%a.s.","28.829","deg","17.529","°C","1023.000","hPa","0.808","-0.0803","0.000433","0","0","29.87","Humid","55.95","0","47.00","40104.48","SABH0002000044","AAV2.0.0.13","4.0.0.2293","PSt3","000000-000","5/15/2024 9:50:34 AM","0000-00","0","no battery","V","115369","µV","50633","µV"
"05/22/2024","11:31:36","4","Luka","129773176","POF4-D","8.008","min","232.758","μmol/L","Humid","29.401","deg","54453","µV","17.449","°C","1023.000","hPa","34.6","pmil","0","60.686","deg","17.755","°C","100.000","%a.s.","28.829","deg","17.529","°C","1023.000","hPa","0.808","-0.0803","0.000433","0","0","29.87","Humid","55.95","0","47.00","40101.97","SABH0002000044","AAV2.0.0.13","4.0.0.2293","PSt3","000000-000","5/15/2024 9:50:34 AM","0000-00","0","no battery","V","115369","µV","50633","µV"
"05/22/2024","11:31:46","4","Luka","129773176","POF4-D","8.174","min","232.750","μmol/L","Humid","29.399","deg","54462","µV","17.455","°C","1023.000","hPa","34.6","pmil","0","60.686","deg","17.755","°C","100.000","%a.s.","28.829","deg","17.529","°C","1023.000","hPa","0.808","-0.0803","0.000433","0","0","29.87","Humid","55.95","0","47.00","40102.65","SABH0002000044","AAV2.0.0.13","4.0.0.2293","PSt3","000000-000","5/15/2024 9:50:34 AM","0000-00","0","no battery","V","115369","µV","50633","µV"
"05/22/2024","11:31:56","4","Luka","129773176","POF4-D","8.340","min","232.830","μmol/L","Humid","29.400","deg","54471","µV","17.443","°C","1023.000","hPa","34.6","pmil","0","60.686","deg","17.755","°C","100.000","%a.s.","28.829","deg","17.529","°C","1023.000","hPa","0.808","-0.0803","0.000433","0","0","29.87","Humid","55.95","0","47.00","40105.89","SABH0002000044","AAV2.0.0.13","4.0.0.2293","PSt3","000000-000","5/15/2024 9:50:34 AM","0000-00","0","no battery","V","115369","µV","50633","µV"
"05/22/2024","11:32:06","4","Luka","129773176","POF4-D","8.507","min","232.830","μmol/L","Humid","29.400","deg","54472","µV","17.443","°C","1023.000","hPa","34.6","pmil","0","60.686","deg","17.755","°C","100.000","%a.s.","28.829","deg","17.529","°C","1023.000","hPa","0.808","-0.0803","0.000433","0","0","29.87","Humid","55.95","0","47.00","40105.52","SABH0002000044","AAV2.0.0.13","4.0.0.2293","PSt3","000000-000","5/15/2024 9:50:34 AM","0000-00","0","no battery","V","115369","µV","50633","µV"
"05/22/2024","11:32:16","4","Luka","129773176","POF4-D","8.674","min","232.641","μmol/L","Humid","29.409","deg","54483","µV","17.443","°C","1023.000","hPa","34.6","pmil","0","60.686","deg","17.755","°C","100.000","%a.s.","28.829","deg","17.529","°C","1023.000","hPa","0.808","-0.0803","0.000433","0","0","29.87","Humid","55.95","0","47.00","40100.70","SABH0002000044","AAV2.0.0.13","4.0.0.2293","PSt3","000000-000","5/15/2024 9:50:34 AM","0000-00","0","no battery","V","115369","µV","50633","µV"
"05/22/2024","11:32:26","4","Luka","129773176","POF4-D","8.841","min","232.591","μmol/L","Humid","29.409","deg","54499","µV","17.449","°C","1023.000","hPa","34.6","pmil","0","60.686","deg","17.755","°C","100.000","%a.s.","28.829","deg","17.529","°C","1023.000","hPa","0.808","-0.0803","0.000433","0","0","29.87","Humid","55.95","0","47.00","40099.37","SABH0002000044","AAV2.0.0.13","4.0.0.2293","PSt3","000000-000","5/15/2024 9:50:34 AM","0000-00","0","no battery","V","115369","µV","50633","µV"
"05/22/2024","11:32:36","4","Luka","129773176","POF4-D","9.007","min","232.452","μmol/L","Humid","29.418","deg","54502","µV","17.443","°C","1023.000","hPa","34.6","pmil","0","60.686","deg","17.755","°C","100.000","%a.s.","28.829","deg","17.529","°C","1023.000","hPa","0.808","-0.0803","0.000433","0","0","29.87","Humid","55.95","0","47.00","40100.40","SABH0002000044","AAV2.0.0.13","4.0.0.2293","PSt3","000000-000","5/15/2024 9:50:34 AM","0000-00","0","no battery","V","115369","µV","50633","µV"
"05/22/2024","11:32:46","4","Luka","129773176","POF4-D","9.174","min","232.557","μmol/L","Humid","29.413","deg","54506","µV","17.443","°C","1023.000","hPa","34.6","pmil","0","60.686","deg","17.755","°C","100.000","%a.s.","28.829","deg","17.529","°C","1023.000","hPa","0.808","-0.0803","0.000433","0","0","29.87","Humid","55.95","0","47.00","40103.51","SABH0002000044","AAV2.0.0.13","4.0.0.2293","PSt3","000000-000","5/15/2024 9:50:34 AM","0000-00","0","no battery","V","115369","µV","50633","µV"
"05/22/2024","11:32:56","4","Luka","129773176","POF4-D","9.340","min","232.197","μmol/L","Humid","29.435","deg","54506","µV","17.431","°C","1023.000","hPa","34.6","pmil","0","60.686","deg","17.755","°C","100.000","%a.s.","28.829","deg","17.529","°C","1023.000","hPa","0.808","-0.0803","0.000433","0","0","29.87","Humid","55.95","0","47.00","40102.79","SABH0002000044","AAV2.0.0.13","4.0.0.2293","PSt3","000000-000","5/15/2024 9:50:34 AM","0000-00","0","no battery","V","115369","µV","50633","µV"
"05/22/2024","11:33:06","4","Luka","129773176","POF4-D","9.508","min","232.272","μmol/L","Humid","29.429","deg","54520","µV","17.437","°C","1023.000","hPa","34.6","pmil","0","60.686","deg","17.755","°C","100.000","%a.s.","28.829","deg","17.529","°C","1023.000","hPa","0.808","-0.0803","0.000433","0","0","29.87","Humid","55.95","0","47.00","40094.20","SABH0002000044","AAV2.0.0.13","4.0.0.2293","PSt3","000000-000","5/15/2024 9:50:34 AM","0000-00","0","no battery","V","115369","µV","50633","µV"
"05/22/2024","11:33:16","4","Luka","129773176","POF4-D","9.674","min","232.452","μmol/L","Humid","29.418","deg","54527","µV","17.443","°C","1023.000","hPa","34.6","pmil","0","60.686","deg","17.755","°C","100.000","%a.s.","28.829","deg","17.529","°C","1023.000","hPa","0.808","-0.0803","0.000433","0","0","29.87","Humid","55.95","0","47.00","40094.52","SABH0002000044","AAV2.0.0.13","4.0.0.2293","PSt3","000000-000","5/15/2024 9:50:34 AM","0000-00","0","no battery","V","115369","µV","50633","µV"
"05/22/2024","11:33:26","4","Luka","129773176","POF4-D","9.841","min","232.461","μmol/L","Humid","29.420","deg","54527","µV","17.437","°C","1023.000","hPa","34.6","pmil","0","60.686","deg","17.755","°C","100.000","%a.s.","28.829","deg","17.529","°C","1023.000","hPa","0.808","-0.0803","0.000433","0","0","29.87","Humid","55.95","0","47.00","40102.16","SABH0002000044","AAV2.0.0.13","4.0.0.2293","PSt3","000000-000","5/15/2024 9:50:34 AM","0000-00","0","no battery","V","115369","µV","50633","µV"
"05/22/2024","11:33:36","4","Luka","129773176","POF4-D","10.007","min","232.448","μmol/L","Humid","29.423","deg","54531","µV","17.431","°C","1023.000","hPa","34.6","pmil","0","60.686","deg","17.755","°C","100.000","%a.s.","28.829","deg","17.529","°C","1023.000","hPa","0.808","-0.0803","0.000433","0","0","29.87","Humid","55.95","0","47.00","40098.97","SABH0002000044","AAV2.0.0.13","4.0.0.2293","PSt3","000000-000","5/15/2024 9:50:34 AM","0000-00","0","no battery","V","115369","µV","50633","µV"
"05/22/2024","11:33:46","4","Luka","129773176","POF4-D","10.174","min","232.364","μmol/L","Humid","29.427","deg","54536","µV","17.431","°C","1023.000","hPa","34.6","pmil","0","60.686","deg","17.755","°C","100.000","%a.s.","28.829","deg","17.529","°C","1023.000","hPa","0.808","-0.0803","0.000433","0","0","29.87","Humid","55.95","0","47.00","40091.92","SABH0002000044","AAV2.0.0.13","4.0.0.2293","PSt3","000000-000","5/15/2024 9:50:34 AM","0000-00","0","no battery","V","115369","µV","50633","µV"
"05/22/2024","11:33:56","4","Luka","129773176","POF4-D","10.341","min","232.272","μmol/L","Humid","29.429","deg","54543","µV","17.437","°C","1023.000","hPa","34.6","pmil","0","60.686","deg","17.755","°C","100.000","%a.s.","28.829","deg","17.529","°C","1023.000","hPa","0.808","-0.0803","0.000433","0","0","29.87","Humid","55.95","0","47.00","40100.10","SABH0002000044","AAV2.0.0.13","4.0.0.2293","PSt3","000000-000","5/15/2024 9:50:34 AM","0000-00","0","no battery","V","115369","µV","50633","µV"
"05/22/2024","11:34:06","4","Luka","129773176","POF4-D","10.508","min","232.419","μmol/L","Humid","29.422","deg","54550","µV","17.437","°C","1023.000","hPa","34.6","pmil","0","60.686","deg","17.755","°C","100.000","%a.s.","28.829","deg","17.529","°C","1023.000","hPa","0.808","-0.0803","0.000433","0","0","29.87","Humid","55.95","0","47.00","40093.50","SABH0002000044","AAV2.0.0.13","4.0.0.2293","PSt3","000000-000","5/15/2024 9:50:34 AM","0000-00","0","no battery","V","115369","µV","50633","µV"
"05/22/2024","11:34:16","4","Luka","129773176","POF4-D","10.674","min","232.272","μmol/L","Humid","29.429","deg","54546","µV","17.437","°C","1023.000","hPa","34.6","pmil","0","60.686","deg","17.755","°C","100.000","%a.s.","28.829","deg","17.529","°C","1023.000","hPa","0.808","-0.0803","0.000433","0","0","29.87","Humid","55.95","0","47.00","40098.74","SABH0002000044","AAV2.0.0.13","4.0.0.2293","PSt3","000000-000","5/15/2024 9:50:34 AM","0000-00","0","no battery","V","115369","µV","50633","µV"
"05/22/2024","11:34:26","4","Luka","129773176","POF4-D","10.841","min","232.126","μmol/L","Humid","29.436","deg","54553","µV","17.437","°C","1023.000","hPa","34.6","pmil","0","60.686","deg","17.755","°C","100.000","%a.s.","28.829","deg","17.529","°C","1023.000","hPa","0.808","-0.0803","0.000433","0","0","29.87","Humid","55.95","0","47.00","40099.67","SABH0002000044","AAV2.0.0.13","4.0.0.2293","PSt3","000000-000","5/15/2024 9:50:34 AM","0000-00","0","no battery","V","115369","µV","50633","µV"
"05/22/2024","11:34:36","4","Luka","129773176","POF4-D","11.007","min","232.176","μmol/L","Humid","29.436","deg","54559","µV","17.431","°C","1023.000","hPa","34.6","pmil","0","60.686","deg","17.755","°C","100.000","%a.s.","28.829","deg","17.529","°C","1023.000","hPa","0.808","-0.0803","0.000433","0","0","29.87","Humid","55.95","0","47.00","40093.78","SABH0002000044","AAV2.0.0.13","4.0.0.2293","PSt3","000000-000","5/15/2024 9:50:34 AM","0000-00","0","no battery","V","115369","µV","50633","µV"
"05/22/2024","11:34:46","4","Luka","129773176","POF4-D","11.174","min","231.946","μmol/L","Humid","29.447","deg","54559","µV","17.431","°C","1023.000","hPa","34.6","pmil","0","60.686","deg","17.755","°C","100.000","%a.s.","28.829","deg","17.529","°C","1023.000","hPa","0.808","-0.0803","0.000433","0","0","29.87","Humid","55.95","0","47.00","40095.43","SABH0002000044","AAV2.0.0.13","4.0.0.2293","PSt3","000000-000","5/15/2024 9:50:34 AM","0000-00","0","no battery","V","115369","µV","50633","µV"
"05/22/2024","11:34:56","4","Luka","129773176","POF4-D","11.341","min","232.080","μmol/L","Humid","29.443","deg","54566","µV","17.425","°C","1023.000","hPa","34.6","pmil","0","60.686","deg","17.755","°C","100.000","%a.s.","28.829","deg","17.529","°C","1023.000","hPa","0.808","-0.0803","0.000433","0","0","29.87","Humid","55.95","0","47.00","40096.65","SABH0002000044","AAV2.0.0.13","4.0.0.2293","PSt3","000000-000","5/15/2024 9:50:34 AM","0000-00","0","no battery","V","115369","µV","50633","µV"
"05/22/2024","11:35:06","4","Luka","129773176","POF4-D","11.507","min","232.373","μmol/L","Humid","29.429","deg","54567","µV","17.425","°C","1023.000","hPa","34.6","pmil","0","60.686","deg","17.755","°C","100.000","%a.s.","28.829","deg","17.529","°C","1023.000","hPa","0.808","-0.0803","0.000433","0","0","29.87","Humid","55.95","0","47.00","40087.33","SABH0002000044","AAV2.0.0.13","4.0.0.2293","PSt3","000000-000","5/15/2024 9:50:34 AM","0000-00","0","no battery","V","115369","µV","50633","µV"
"05/22/2024","11:35:16","4","Luka","129773176","POF4-D","11.674","min","232.088","μmol/L","Humid","29.445","deg","54575","µV","17.419","°C","1023.000","hPa","34.6","pmil","0","60.686","deg","17.755","°C","100.000","%a.s.","28.829","deg","17.529","°C","1023.000","hPa","0.808","-0.0803","0.000433","0","0","29.87","Humid","55.95","0","47.00","40093.30","SABH0002000044","AAV2.0.0.13","4.0.0.2293","PSt3","000000-000","5/15/2024 9:50:34 AM","0000-00","0","no battery","V","115369","µV","50633","µV"
"05/22/2024","11:35:26","4","Luka","129773176","POF4-D","11.841","min","232.088","μmol/L","Humid","29.445","deg","54578","µV","17.419","°C","1023.000","hPa","34.6","pmil","0","60.686","deg","17.755","°C","100.000","%a.s.","28.829","deg","17.529","°C","1023.000","hPa","0.808","-0.0803","0.000433","0","0","29.87","Humid","55.95","0","47.00","40095.70","SABH0002000044","AAV2.0.0.13","4.0.0.2293","PSt3","000000-000","5/15/2024 9:50:34 AM","0000-00","0","no battery","V","115369","µV","50633","µV"
"05/22/2024","11:35:36","4","Luka","129773176","POF4-D","12.008","min","232.142","μmol/L","Humid","29.440","deg","54575","µV","17.425","°C","1023.000","hPa","34.6","pmil","0","60.686","deg","17.755","°C","100.000","%a.s.","28.829","deg","17.529","°C","1023.000","hPa","0.808","-0.0803","0.000433","0","0","29.87","Humid","55.95","0","47.00","40088.73","SABH0002000044","AAV2.0.0.13","4.0.0.2293","PSt3","000000-000","5/15/2024 9:50:34 AM","0000-00","0","no battery","V","115369","µV","50633","µV"
"05/22/2024","11:35:46","4","Luka","129773176","POF4-D","12.174","min","231.820","μmol/L","Humid","29.453","deg","54592","µV","17.431","°C","1023.000","hPa","34.6","pmil","0","60.686","deg","17.755","°C","100.000","%a.s.","28.829","deg","17.529","°C","1023.000","hPa","0.808","-0.0803","0.000433","0","0","29.87","Humid","55.95","0","47.00","40094.75","SABH0002000044","AAV2.0.0.13","4.0.0.2293","PSt3","000000-000","5/15/2024 9:50:34 AM","0000-00","0","no battery","V","115369","µV","50633","µV"
"05/22/2024","11:35:56","4","Luka","129773176","POF4-D","12.341","min","231.683","μmol/L","Humid","29.462","deg","54602","µV","17.425","°C","1023.000","hPa","34.6","pmil","0","60.686","deg","17.755","°C","100.000","%a.s.","28.829","deg","17.529","°C","1023.000","hPa","0.808","-0.0803","0.000433","0","0","29.87","Humid","55.95","0","47.00","40092.15","SABH0002000044","AAV2.0.0.13","4.0.0.2293","PSt3","000000-000","5/15/2024 9:50:34 AM","0000-00","0","no battery","V","115369","µV","50633","µV"
"05/22/2024","11:36:06","4","Luka","129773176","POF4-D","12.507","min","232.067","μmol/L","Humid","29.446","deg","54606","µV","17.419","°C","1023.000","hPa","34.6","pmil","0","60.686","deg","17.755","°C","100.000","%a.s.","28.829","deg","17.529","°C","1023.000","hPa","0.808","-0.0803","0.000433","0","0","29.87","Humid","55.95","0","47.00","40095.01","SABH0002000044","AAV2.0.0.13","4.0.0.2293","PSt3","000000-000","5/15/2024 9:50:34 AM","0000-00","0","no battery","V","115369","µV","50633","µV"
"05/22/2024","11:36:16","4","Luka","129773176","POF4-D","12.674","min","232.046","μmol/L","Humid","29.447","deg","54609","µV","17.419","°C","1023.000","hPa","34.6","pmil","0","60.686","deg","17.755","°C","100.000","%a.s.","28.829","deg","17.529","°C","1023.000","hPa","0.808","-0.0803","0.000433","0","0","29.87","Humid","55.95","0","47.00","40088.26","SABH0002000044","AAV2.0.0.13","4.0.0.2293","PSt3","000000-000","5/15/2024 9:50:34 AM","0000-00","0","no battery","V","115369","µV","50633","µV"
"05/22/2024","11:36:26","4","Luka","129773176","POF4-D","12.840","min","231.633","μmol/L","Humid","29.462","deg","54620","µV","17.431","°C","1023.000","hPa","34.6","pmil","0","60.686","deg","17.755","°C","100.000","%a.s.","28.829","deg","17.529","°C","1023.000","hPa","0.808","-0.0803","0.000433","0","0","29.87","Humid","55.95","0","47.00","40089.34","SABH0002000044","AAV2.0.0.13","4.0.0.2293","PSt3","000000-000","5/15/2024 9:50:34 AM","0000-00","0","no battery","V","115369","µV","50633","µV"
"05/22/2024","11:36:36","4","Luka","129773176","POF4-D","13.008","min","231.866","μmol/L","Humid","29.458","deg","54621","µV","17.413","°C","1023.000","hPa","34.6","pmil","0","60.686","deg","17.755","°C","100.000","%a.s.","28.829","deg","17.529","°C","1023.000","hPa","0.808","-0.0803","0.000433","0","0","29.87","Humid","55.95","0","47.00","40088.46","SABH0002000044","AAV2.0.0.13","4.0.0.2293","PSt3","000000-000","5/15/2024 9:50:34 AM","0000-00","0","no battery","V","115369","µV","50633","µV"
"05/22/2024","11:36:46","4","Luka","129773176","POF4-D","13.174","min","231.795","μmol/L","Humid","29.459","deg","54625","µV","17.419","°C","1023.000","hPa","34.6","pmil","0","60.686","deg","17.755","°C","100.000","%a.s.","28.829","deg","17.529","°C","1023.000","hPa","0.808","-0.0803","0.000433","0","0","29.87","Humid","55.95","0","47.00","40081.84","SABH0002000044","AAV2.0.0.13","4.0.0.2293","PSt3","000000-000","5/15/2024 9:50:34 AM","0000-00","0","no battery","V","115369","µV","50633","µV"
"05/22/2024","11:36:56","4","Luka","129773176","POF4-D","13.341","min","231.516","μmol/L","Humid","29.470","deg","54623","µV","17.425","°C","1023.000","hPa","34.6","pmil","0","60.686","deg","17.755","°C","100.000","%a.s.","28.829","deg","17.529","°C","1023.000","hPa","0.808","-0.0803","0.000433","0","0","29.87","Humid","55.95","0","47.00","40082.91","SABH0002000044","AAV2.0.0.13","4.0.0.2293","PSt3","000000-000","5/15/2024 9:50:34 AM","0000-00","0","no battery","V","115369","µV","50633","µV"
"05/22/2024","11:37:06","4","Luka","129773176","POF4-D","13.507","min","231.549","μmol/L","Humid","29.466","deg","54634","µV","17.431","°C","1023.000","hPa","34.6","pmil","0","60.686","deg","17.755","°C","100.000","%a.s.","28.829","deg","17.529","°C","1023.000","hPa","0.808","-0.0803","0.000433","0","0","29.87","Humid","55.95","0","47.00","40088.15","SABH0002000044","AAV2.0.0.13","4.0.0.2293","PSt3","000000-000","5/15/2024 9:50:34 AM","0000-00","0","no battery","V","115369","µV","50633","µV"
"05/22/2024","11:37:16","4","Luka","129773176","POF4-D","13.674","min","231.608","μmol/L","Humid","29.468","deg","54645","µV","17.419","°C","1023.000","hPa","34.6","pmil","0","60.686","deg","17.755","°C","100.000","%a.s.","28.829","deg","17.529","°C","1023.000","hPa","0.808","-0.0803","0.000433","0","0","29.87","Humid","55.95","0","47.00","40091.71","SABH0002000044","AAV2.0.0.13","4.0.0.2293","PSt3","000000-000","5/15/2024 9:50:34 AM","0000-00","0","no battery","V","115369","µV","50633","µV"
"05/22/2024","11:37:26","4","Luka","129773176","POF4-D","13.841","min","231.683","μmol/L","Humid","29.462","deg","54641","µV","17.425","°C","1023.000","hPa","34.6","pmil","0","60.686","deg","17.755","°C","100.000","%a.s.","28.829","deg","17.529","°C","1023.000","hPa","0.808","-0.0803","0.000433","0","0","29.87","Humid","55.95","0","47.00","40088.06","SABH0002000044","AAV2.0.0.13","4.0.0.2293","PSt3","000000-000","5/15/2024 9:50:34 AM","0000-00","0","no battery","V","115369","µV","50633","µV"
"05/22/2024","11:37:36","4","Luka","129773176","POF4-D","14.007","min","231.553","μmol/L","Humid","29.473","deg","54645","µV","17.413","°C","1023.000","hPa","34.6","pmil","0","60.686","deg","17.755","°C","100.000","%a.s.","28.829","deg","17.529","°C","1023.000","hPa","0.808","-0.0803","0.000433","0","0","29.87","Humid","55.95","0","47.00","40082.45","SABH0002000044","AAV2.0.0.13","4.0.0.2293","PSt3","000000-000","5/15/2024 9:50:34 AM","0000-00","0","no battery","V","115369","µV","50633","µV"
"05/22/2024","11:37:46","4","Luka","129773176","POF4-D","14.174","min","231.691","μmol/L","Humid","29.464","deg","54643","µV","17.419","°C","1023.000","hPa","34.6","pmil","0","60.686","deg","17.755","°C","100.000","%a.s.","28.829","deg","17.529","°C","1023.000","hPa","0.808","-0.0803","0.000433","0","0","29.87","Humid","55.95","0","47.00","40082.39","SABH0002000044","AAV2.0.0.13","4.0.0.2293","PSt3","000000-000","5/15/2024 9:50:34 AM","0000-00","0","no battery","V","115369","µV","50633","µV"
"05/22/2024","11:37:56","4","Luka","129773176","POF4-D","14.341","min","231.520","μmol/L","Humid","29.477","deg","54656","µV","17.407","°C","1023.000","hPa","34.6","pmil","0","60.686","deg","17.755","°C","100.000","%a.s.","28.829","deg","17.529","°C","1023.000","hPa","0.808","-0.0803","0.000433","0","0","29.87","Humid","55.95","0","47.00","40086.80","SABH0002000044","AAV2.0.0.13","4.0.0.2293","PSt3","000000-000","5/15/2024 9:50:34 AM","0000-00","0","no battery","V","115369","µV","50633","µV"
"05/22/2024","11:38:06","4","Luka","129773176","POF4-D","14.507","min","231.545","μmol/L","Humid","29.471","deg","54654","µV","17.419","°C","1023.000","hPa","34.6","pmil","0","60.686","deg","17.755","°C","100.000","%a.s.","28.829","deg","17.529","°C","1023.000","hPa","0.808","-0.0803","0.000433","0","0","29.87","Humid","55.95","0","47.00","40092.01","SABH0002000044","AAV2.0.0.13","4.0.0.2293","PSt3","000000-000","5/15/2024 9:50:34 AM","0000-00","0","no battery","V","115369","µV","50633","µV"
"05/22/2024","11:38:16","4","Luka","129773176","POF4-D","14.674","min","231.503","μmol/L","Humid","29.473","deg","54660","µV","17.419","°C","1023.000","hPa","34.6","pmil","0","60.686","deg","17.755","°C","100.000","%a.s.","28.829","deg","17.529","°C","1023.000","hPa","0.808","-0.0803","0.000433","0","0","29.87","Humid","55.95","0","47.00","40085.41","SABH0002000044","AAV2.0.0.13","4.0.0.2293","PSt3","000000-000","5/15/2024 9:50:34 AM","0000-00","0","no battery","V","115369","µV","50633","µV"
"05/22/2024","11:38:26","4","Luka","129773176","POF4-D","14.841","min","231.512","μmol/L","Humid","29.475","deg","54659","µV","17.413","°C","1023.000","hPa","34.6","pmil","0","60.686","deg","17.755","°C","100.000","%a.s.","28.829","deg","17.529","°C","1023.000","hPa","0.808","-0.0803","0.000433","0","0","29.87","Humid","55.95","0","47.00","40087.54","SABH0002000044","AAV2.0.0.13","4.0.0.2293","PSt3","000000-000","5/15/2024 9:50:34 AM","0000-00","0","no battery","V","115369","µV","50633","µV"
"05/22/2024","11:38:36","4","Luka","129773176","POF4-D","15.007","min","231.608","μmol/L","Humid","29.468","deg","54661","µV","17.419","°C","1023.000","hPa","34.6","pmil","0","60.686","deg","17.755","°C","100.000","%a.s.","28.829","deg","17.529","°C","1023.000","hPa","0.808","-0.0803","0.000433","0","0","29.87","Humid","55.95","0","47.00","40084.63","SABH0002000044","AAV2.0.0.13","4.0.0.2293","PSt3","000000-000","5/15/2024 9:50:34 AM","0000-00","0","no battery","V","115369","µV","50633","µV"
"05/22/2024","11:38:46","4","Luka","129773176","POF4-D","15.174","min","231.516","μmol/L","Humid","29.470","deg","54672","µV","17.425","°C","1023.000","hPa","34.6","pmil","0","60.686","deg","17.755","°C","100.000","%a.s.","28.829","deg","17.529","°C","1023.000","hPa","0.808","-0.0803","0.000433","0","0","29.87","Humid","55.95","0","47.00","40078.28","SABH0002000044","AAV2.0.0.13","4.0.0.2293","PSt3","000000-000","5/15/2024 9:50:34 AM","0000-00","0","no battery","V","115369","µV","50633","µV"
"05/22/2024","11:38:56","4","Luka","129773176","POF4-D","15.341","min","231.287","μmol/L","Humid","29.481","deg","54666","µV","17.425","°C","1023.000","hPa","34.6","pmil","0","60.686","deg","17.755","°C","100.000","%a.s.","28.829","deg","17.529","°C","1023.000","hPa","0.808","-0.0803","0.000433","0","0","29.87","Humid","55.95","0","47.00","40084.56","SABH0002000044","AAV2.0.0.13","4.0.0.2293","PSt3","000000-000","5/15/2024 9:50:34 AM","0000-00","0","no battery","V","115369","µV","50633","µV"
"05/22/2024","11:39:06","4","Luka","129773176","POF4-D","15.507","min","231.253","μmol/L","Humid","29.485","deg","54684","µV","17.419","°C","1023.000","hPa","34.6","pmil","0","60.686","deg","17.755","°C","100.000","%a.s.","28.829","deg","17.529","°C","1023.000","hPa","0.808","-0.0803","0.000433","0","0","29.87","Humid","55.95","0","47.00","40087.34","SABH0002000044","AAV2.0.0.13","4.0.0.2293","PSt3","000000-000","5/15/2024 9:50:34 AM","0000-00","0","no battery","V","115369","µV","50633","µV"
"05/22/2024","11:39:16","4","Luka","129773176","POF4-D","15.674","min","231.295","μmol/L","Humid","29.483","deg","54687","µV","17.419","°C","1023.000","hPa","34.6","pmil","0","60.686","deg","17.755","°C","100.000","%a.s.","28.829","deg","17.529","°C","1023.000","hPa","0.808","-0.0803","0.000433","0","0","29.87","Humid","55.95","0","47.00","40090.82","SABH0002000044","AAV2.0.0.13","4.0.0.2293","PSt3","000000-000","5/15/2024 9:50:34 AM","0000-00","0","no battery","V","115369","µV","50633","µV"
"05/22/2024","11:39:26","4","Luka","129773176","POF4-D","15.841","min","231.366","μmol/L","Humid","29.482","deg","54694","µV","17.413","°C","1023.000","hPa","34.6","pmil","0","60.686","deg","17.755","°C","100.000","%a.s.","28.829","deg","17.529","°C","1023.000","hPa","0.808","-0.0803","0.000433","0","0","29.87","Humid","55.95","0","47.00","40082.59","SABH0002000044","AAV2.0.0.13","4.0.0.2293","PSt3","000000-000","5/15/2024 9:50:34 AM","0000-00","0","no battery","V","115369","µV","50633","µV"
"05/22/2024","11:39:36","4","Luka","129773176","POF4-D","16.007","min","231.249","μmol/L","Humid","29.490","deg","54707","µV","17.407","°C","1023.000","hPa","34.6","pmil","0","60.686","deg","17.755","°C","100.000","%a.s.","28.829","deg","17.529","°C","1023.000","hPa","0.808","-0.0803","0.000433","0","0","29.87","Humid","55.95","0","47.00","40080.64","SABH0002000044","AAV2.0.0.13","4.0.0.2293","PSt3","000000-000","5/15/2024 9:50:34 AM","0000-00","0","no battery","V","115369","µV","50633","µV"
"05/22/2024","11:39:46","4","Luka","129773176","POF4-D","16.174","min","231.228","μmol/L","Humid","29.491","deg","54708","µV","17.407","°C","1023.000","hPa","34.6","pmil","0","60.686","deg","17.755","°C","100.000","%a.s.","28.829","deg","17.529","°C","1023.000","hPa","0.808","-0.0803","0.000433","0","0","29.87","Humid","55.95","0","47.00","40079.40","SABH0002000044","AAV2.0.0.13","4.0.0.2293","PSt3","000000-000","5/15/2024 9:50:34 AM","0000-00","0","no battery","V","115369","µV","50633","µV"
"05/22/2024","11:39:56","4","Luka","129773176","POF4-D","16.341","min","230.991","μmol/L","Humid","29.500","deg","54711","µV","17.413","°C","1023.000","hPa","34.6","pmil","0","60.686","deg","17.755","°C","100.000","%a.s.","28.829","deg","17.529","°C","1023.000","hPa","0.808","-0.0803","0.000433","0","0","29.87","Humid","55.95","0","47.00","40082.27","SABH0002000044","AAV2.0.0.13","4.0.0.2293","PSt3","000000-000","5/15/2024 9:50:34 AM","0000-00","0","no battery","V","115369","µV","50633","µV"
"05/22/2024","11:40:06","4","Luka","129773176","POF4-D","16.507","min","231.199","μmol/L","Humid","29.490","deg","54716","µV","17.413","°C","1023.000","hPa","34.6","pmil","0","60.686","deg","17.755","°C","100.000","%a.s.","28.829","deg","17.529","°C","1023.000","hPa","0.808","-0.0803","0.000433","0","0","29.87","Humid","55.95","0","47.00","40079.22","SABH0002000044","AAV2.0.0.13","4.0.0.2293","PSt3","000000-000","5/15/2024 9:50:34 AM","0000-00","0","no battery","V","115369","µV","50633","µV"
"05/22/2024","11:40:16","4","Luka","129773176","POF4-D","16.674","min","230.692","μmol/L","Humid","29.512","deg","54730","µV","17.419","°C","1023.000","hPa","34.6","pmil","0","60.686","deg","17.755","°C","100.000","%a.s.","28.829","deg","17.529","°C","1023.000","hPa","0.808","-0.0803","0.000433","0","0","29.87","Humid","55.95","0","47.00","40075.71","SABH0002000044","AAV2.0.0.13","4.0.0.2293","PSt3","000000-000","5/15/2024 9:50:34 AM","0000-00","0","no battery","V","115369","µV","50633","µV"
"05/22/2024","11:40:26","4","Luka","129773176","POF4-D","16.841","min","231.091","μmol/L","Humid","29.500","deg","54736","µV","17.400","°C","1023.000","hPa","34.6","pmil","0","60.686","deg","17.755","°C","100.000","%a.s.","28.829","deg","17.529","°C","1023.000","hPa","0.808","-0.0803","0.000433","0","0","29.87","Humid","55.95","0","47.00","40079.04","SABH0002000044","AAV2.0.0.13","4.0.0.2293","PSt3","000000-000","5/15/2024 9:50:34 AM","0000-00","0","no battery","V","115369","µV","50633","µV"
"05/22/2024","11:40:36","4","Luka","129773176","POF4-D","17.008","min","231.000","μmol/L","Humid","29.502","deg","54744","µV","17.407","°C","1023.000","hPa","34.6","pmil","0","60.686","deg","17.755","°C","100.000","%a.s.","28.829","deg","17.529","°C","1023.000","hPa","0.808","-0.0803","0.000433","0","0","29.87","Humid","55.95","0","47.00","40081.21","SABH0002000044","AAV2.0.0.13","4.0.0.2293","PSt3","000000-000","5/15/2024 9:50:34 AM","0000-00","0","no battery","V","115369","µV","50633","µV"
"05/22/2024","11:40:46","4","Luka","129773176","POF4-D","17.174","min","230.979","μmol/L","Humid","29.503","deg","54745","µV","17.407","°C","1023.000","hPa","34.6","pmil","0","60.686","deg","17.755","°C","100.000","%a.s.","28.829","deg","17.529","°C","1023.000","hPa","0.808","-0.0803","0.000433","0","0","29.87","Humid","55.95","0","47.00","40078.32","SABH0002000044","AAV2.0.0.13","4.0.0.2293","PSt3","000000-000","5/15/2024 9:50:34 AM","0000-00","0","no battery","V","115369","µV","50633","µV"
"05/22/2024","11:40:56","4","Luka","129773176","POF4-D","17.341","min","230.916","μmol/L","Humid","29.506","deg","54748","µV","17.407","°C","1023.000","hPa","34.6","pmil","0","60.686","deg","17.755","°C","100.000","%a.s.","28.829","deg","17.529","°C","1023.000","hPa","0.808","-0.0803","0.000433","0","0","29.87","Humid","55.95","0","47.00","40076.73","SABH0002000044","AAV2.0.0.13","4.0.0.2293","PSt3","000000-000","5/15/2024 9:50:34 AM","0000-00","0","no battery","V","115369","µV","50633","µV"
"05/22/2024","11:41:06","4","Luka","129773176","POF4-D","17.507","min","230.871","μmol/L","Humid","29.513","deg","54756","µV","17.394","°C","1023.000","hPa","34.6","pmil","0","60.686","deg","17.755","°C","100.000","%a.s.","28.829","deg","17.529","°C","1023.000","hPa","0.808","-0.0803","0.000433","0","0","29.87","Humid","55.95","0","47.00","40076.32","SABH0002000044","AAV2.0.0.13","4.0.0.2293","PSt3","000000-000","5/15/2024 9:50:34 AM","0000-00","0","no battery","V","115369","µV","50633","µV"
"05/22/2024","11:41:16","4","Luka","129773176","POF4-D","17.674","min","230.771","μmol/L","Humid","29.513","deg","54771","µV","17.407","°C","1023.000","hPa","34.6","pmil","0","60.686","deg","17.755","°C","100.000","%a.s.","28.829","deg","17.529","°C","1023.000","hPa","0.808","-0.0803","0.000433","0","0","29.87","Humid","55.95","0","47.00","40078.73","SABH0002000044","AAV2.0.0.13","4.0.0.2293","PSt3","000000-000","5/15/2024 9:50:34 AM","0000-00","0","no battery","V","115369","µV","50633","µV"
"05/22/2024","11:41:26","4","Luka","129773176","POF4-D","17.841","min","230.522","μmol/L","Humid","29.525","deg","54772","µV","17.407","°C","1023.000","hPa","34.6","pmil","0","60.686","deg","17.755","°C","100.000","%a.s.","28.829","deg","17.529","°C","1023.000","hPa","0.808","-0.0803","0.000433","0","0","29.87","Humid","55.95","0","47.00","40078.20","SABH0002000044","AAV2.0.0.13","4.0.0.2293","PSt3","000000-000","5/15/2024 9:50:34 AM","0000-00","0","no battery","V","115369","µV","50633","µV"
"05/22/2024","11:41:36","4","Luka","129773176","POF4-D","18.007","min","230.717","μmol/L","Humid","29.518","deg","54775","µV","17.400","°C","1023.000","hPa","34.6","pmil","0","60.686","deg","17.755","°C","100.000","%a.s.","28.829","deg","17.529","°C","1023.000","hPa","0.808","-0.0803","0.000433","0","0","29.87","Humid","55.95","0","47.00","40075.91","SABH0002000044","AAV2.0.0.13","4.0.0.2293","PSt3","000000-000","5/15/2024 9:50:34 AM","0000-00","0","no battery","V","115369","µV","50633","µV"
"05/22/2024","11:41:46","4","Luka","129773176","POF4-D","18.174","min","230.563","μmol/L","Humid","29.523","deg","54780","µV","17.407","°C","1023.000","hPa","34.6","pmil","0","60.686","deg","17.755","°C","100.000","%a.s.","28.829","deg","17.529","°C","1023.000","hPa","0.808","-0.0803","0.000433","0","0","29.87","Humid","55.95","0","47.00","40074.76","SABH0002000044","AAV2.0.0.13","4.0.0.2293","PSt3","000000-000","5/15/2024 9:50:34 AM","0000-00","0","no battery","V","115369","µV","50633","µV"
"05/22/2024","11:41:56","4","Luka","129773176","POF4-D","18.341","min","230.767","μmol/L","Humid","29.518","deg","54790","µV","17.394","°C","1023.000","hPa","34.6","pmil","0","60.686","deg","17.755","°C","100.000","%a.s.","28.829","deg","17.529","°C","1023.000","hPa","0.808","-0.0803","0.000433","0","0","29.87","Humid","55.95","0","47.00","40074.69","SABH0002000044","AAV2.0.0.13","4.0.0.2293","PSt3","000000-000","5/15/2024 9:50:34 AM","0000-00","0","no battery","V","115369","µV","50633","µV"
"05/22/2024","11:42:06","4","Luka","129773176","POF4-D","18.507","min","230.829","μmol/L","Humid","29.515","deg","54797","µV","17.394","°C","1023.000","hPa","34.6","pmil","0","60.686","deg","17.755","°C","100.000","%a.s.","28.829","deg","17.529","°C","1023.000","hPa","0.808","-0.0803","0.000433","0","0","29.87","Humid","55.95","0","47.00","40076.96","SABH0002000044","AAV2.0.0.13","4.0.0.2293","PSt3","000000-000","5/15/2024 9:50:34 AM","0000-00","0","no battery","V","115369","µV","50633","µV"
"05/22/2024","11:42:16","4","Luka","129773176","POF4-D","18.674","min","230.617","μmol/L","Humid","29.525","deg","54797","µV","17.394","°C","1022.000","hPa","34.6","pmil","0","60.686","deg","17.755","°C","100.000","%a.s.","28.829","deg","17.529","°C","1023.000","hPa","0.808","-0.0803","0.000433","0","0","29.87","Humid","55.95","0","47.00","40078.46","SABH0002000044","AAV2.0.0.13","4.0.0.2293","PSt3","000000-000","5/15/2024 9:50:34 AM","0000-00","0","no battery","V","115369","µV","50633","µV"
"05/22/2024","11:42:26","4","Luka","129773176","POF4-D","18.841","min","230.460","μmol/L","Humid","29.528","deg","54810","µV","17.407","°C","1023.000","hPa","34.6","pmil","0","60.686","deg","17.755","°C","100.000","%a.s.","28.829","deg","17.529","°C","1023.000","hPa","0.808","-0.0803","0.000433","0","0","29.87","Humid","55.95","0","47.00","40076.22","SABH0002000044","AAV2.0.0.13","4.0.0.2293","PSt3","000000-000","5/15/2024 9:50:34 AM","0000-00","0","no battery","V","115369","µV","50633","µV"
"05/22/2024","11:42:36","4","Luka","129773176","POF4-D","19.008","min","230.447","μmol/L","Humid","29.531","deg","54814","µV","17.400","°C","1023.000","hPa","34.6","pmil","0","60.686","deg","17.755","°C","100.000","%a.s.","28.829","deg","17.529","°C","1023.000","hPa","0.808","-0.0803","0.000433","0","0","29.87","Humid","55.95","0","47.00","40075.60","SABH0002000044","AAV2.0.0.13","4.0.0.2293","PSt3","000000-000","5/15/2024 9:50:34 AM","0000-00","0","no battery","V","115369","µV","50633","µV"
"05/22/2024","11:42:46","4","Luka","129773176","POF4-D","19.174","min","230.137","μmol/L","Humid","29.546","deg","54821","µV","17.400","°C","1023.000","hPa","34.6","pmil","0","60.686","deg","17.755","°C","100.000","%a.s.","28.829","deg","17.529","°C","1023.000","hPa","0.808","-0.0803","0.000433","0","0","29.87","Humid","55.95","0","47.00","40075.45","SABH0002000044","AAV2.0.0.13","4.0.0.2293","PSt3","000000-000","5/15/2024 9:50:34 AM","0000-00","0","no battery","V","115369","µV","50633","µV"
"05/22/2024","11:42:56","4","Luka","129773176","POF4-D","19.340","min","230.186","μmol/L","Humid","29.546","deg","54831","µV","17.394","°C","1023.000","hPa","34.6","pmil","0","60.686","deg","17.755","°C","100.000","%a.s.","28.829","deg","17.529","°C","1023.000","hPa","0.808","-0.0803","0.000433","0","0","29.87","Humid","55.95","0","47.00","40072.89","SABH0002000044","AAV2.0.0.13","4.0.0.2293","PSt3","000000-000","5/15/2024 9:50:34 AM","0000-00","0","no battery","V","115369","µV","50633","µV"
"05/22/2024","11:43:06","4","Luka","129773176","POF4-D","19.508","min","230.256","μmol/L","Humid","29.540","deg","54830","µV","17.400","°C","1022.000","hPa","34.6","pmil","0","60.686","deg","17.755","°C","100.000","%a.s.","28.829","deg","17.529","°C","1023.000","hPa","0.808","-0.0803","0.000433","0","0","29.87","Humid","55.95","0","47.00","40071.51","SABH0002000044","AAV2.0.0.13","4.0.0.2293","PSt3","000000-000","5/15/2024 9:50:34 AM","0000-00","0","no battery","V","115369","µV","50633","µV"
"05/22/2024","11:43:16","4","Luka","129773176","POF4-D","19.674","min","230.228","μmol/L","Humid","29.544","deg","54829","µV","17.394","°C","1023.000","hPa","34.6","pmil","0","60.686","deg","17.755","°C","100.000","%a.s.","28.829","deg","17.529","°C","1023.000","hPa","0.808","-0.0803","0.000433","0","0","29.87","Humid","55.95","0","47.00","40074.20","SABH0002000044","AAV2.0.0.13","4.0.0.2293","PSt3","000000-000","5/15/2024 9:50:34 AM","0000-00","0","no battery","V","115369","µV","50633","µV"
"05/22/2024","11:43:26","4","Luka","129773176","POF4-D","19.841","min","230.021","μmol/L","Humid","29.554","deg","54857","µV","17.394","°C","1023.000","hPa","34.6","pmil","0","60.686","deg","17.755","°C","100.000","%a.s.","28.829","deg","17.529","°C","1023.000","hPa","0.808","-0.0803","0.000433","0","0","29.87","Humid","55.95","0","47.00","40073.51","SABH0002000044","AAV2.0.0.13","4.0.0.2293","PSt3","000000-000","5/15/2024 9:50:34 AM","0000-00","0","no battery","V","115369","µV","50633","µV"

"Date","Time","delta_t","Device_Serial","Channel","User","Annotation"
